{"cameraMode":{"drawMode":0,"name":"Shaded","section":"Shading Mode"},"sceneLighting":true,"audioPlay":false,"sceneViewState":{"showFog":true,"showMaterialUpdate":false,"showSkybox":true,"showFlares":true,"showImageEffects":true,"showParticleSystems":true},"in2DMode":false,"pivot":{"x":6.211798667907715,"y":3.533301591873169,"z":-4.350374221801758},"rotation":{"x":0.3570510745048523,"y":-0.11032017320394516,"z":0.04251135513186455,"w":0.926573634147644},"size":-0.90739506483078,"orthographic":false}