{"cameraMode":{"drawMode":0,"name":"Shaded","section":"Shading Mode"},"sceneLighting":true,"audioPlay":false,"sceneViewState":{"showFog":true,"showMaterialUpdate":false,"showSkybox":true,"showFlares":true,"showImageEffects":true,"showParticleSystems":true},"in2DMode":false,"pivot":{"x":-1.8660097122192383,"y":-5.802193641662598,"z":-0.6229605674743652},"rotation":{"x":-0.42489853501319888,"y":0.39432352781295779,"z":-0.21301959455013276,"w":-0.7865152955055237},"size":7.626957893371582,"orthographic":false}