{"cameraMode":{"drawMode":0,"name":"Shaded","section":"Shading Mode"},"sceneLighting":false,"audioPlay":false,"sceneViewState":{"showFog":true,"showMaterialUpdate":false,"showSkybox":false,"showFlares":true,"showImageEffects":true,"showParticleSystems":true},"in2DMode":false,"pivot":{"x":-0.00009888410568237305,"y":0.9520062208175659,"z":0.008958041667938233},"rotation":{"x":0.018927155062556268,"y":-0.9754096269607544,"z":0.09275638312101364,"w":0.1990373283624649},"size":1.2094084024429322,"orthographic":false}