{"cameraMode":{"drawMode":0,"name":"Shaded","section":"Shading Mode"},"sceneLighting":false,"audioPlay":false,"sceneViewState":{"showFog":true,"showMaterialUpdate":false,"showSkybox":false,"showFlares":true,"showImageEffects":true,"showParticleSystems":true},"in2DMode":false,"pivot":{"x":4.417623519897461,"y":0.07146883010864258,"z":-1.4654626846313477},"rotation":{"x":-0.21466587483882905,"y":-0.21705405414104463,"z":0.048985883593559268,"w":-0.9510132670402527},"size":6.0073957443237309,"orthographic":false}