{"cameraMode":{"drawMode":0,"name":"Shaded","section":"Shading Mode"},"sceneLighting":false,"audioPlay":false,"sceneViewState":{"showFog":true,"showMaterialUpdate":false,"showSkybox":false,"showFlares":true,"showImageEffects":true,"showParticleSystems":true},"in2DMode":false,"pivot":{"x":-0.9595805406570435,"y":1.1502313613891602,"z":-0.1412438452243805},"rotation":{"x":0.12164844572544098,"y":0.8555760979652405,"z":-0.23347339034080506,"w":0.4457624554634094},"size":0.31684547662734988,"orthographic":false}