{"cameraMode":{"drawMode":0,"name":"Shaded","section":"Shading Mode"},"sceneLighting":false,"audioPlay":false,"sceneViewState":{"showFog":true,"showMaterialUpdate":false,"showSkybox":false,"showFlares":true,"showImageEffects":true,"showParticleSystems":true},"in2DMode":false,"pivot":{"x":-1.9195959568023682,"y":-0.3137507438659668,"z":-1.314033031463623},"rotation":{"x":-0.09790988266468048,"y":-0.8977040648460388,"z":0.3471479117870331,"w":-0.25311967730522158},"size":4.619025230407715,"orthographic":false}