{"cameraMode":{"drawMode":0,"name":"Shaded","section":"Shading Mode"},"sceneLighting":false,"audioPlay":false,"sceneViewState":{"showFog":true,"showMaterialUpdate":false,"showSkybox":false,"showFlares":true,"showImageEffects":true,"showParticleSystems":true},"in2DMode":false,"pivot":{"x":-0.000011561816791072488,"y":1.9999895095825196,"z":-0.00001029604027280584},"rotation":{"x":-0.09315584599971771,"y":-0.866685688495636,"z":0.17658685147762299,"w":-0.4571780860424042},"size":0.000034656703064683825,"orthographic":false}