{"cameraMode":{"drawMode":0,"name":"Shaded","section":"Shading Mode"},"sceneLighting":false,"audioPlay":false,"sceneViewState":{"showFog":true,"showMaterialUpdate":false,"showSkybox":false,"showFlares":true,"showImageEffects":true,"showParticleSystems":true},"in2DMode":false,"pivot":{"x":0.09624576568603516,"y":-4.940735816955566,"z":-0.05263471603393555},"rotation":{"x":0.04327615350484848,"y":0.8569177985191345,"z":-0.0729261040687561,"w":0.508450448513031},"size":6.474405765533447,"orthographic":false}