{"cameraMode":{"drawMode":0,"name":"Shaded","section":"Shading Mode"},"sceneLighting":false,"audioPlay":false,"sceneViewState":{"showFog":true,"showMaterialUpdate":false,"showSkybox":false,"showFlares":true,"showImageEffects":true,"showParticleSystems":true},"in2DMode":false,"pivot":{"x":3.0762381553649904,"y":-1.6566040515899659,"z":-2.9872994422912599},"rotation":{"x":-0.07041893899440766,"y":-0.9077563881874085,"z":0.16940517723560334,"w":-0.37728798389434817},"size":4.557346343994141,"orthographic":false}