{"cameraMode":{"drawMode":0,"name":"Shaded","section":"Shading Mode"},"sceneLighting":false,"audioPlay":false,"sceneViewState":{"showFog":true,"showMaterialUpdate":false,"showSkybox":false,"showFlares":true,"showImageEffects":true,"showParticleSystems":true},"in2DMode":false,"pivot":{"x":-0.45775890350341799,"y":-0.5639901161193848,"z":-2.1926229000091554},"rotation":{"x":-0.05850288271903992,"y":-0.7885491847991943,"z":0.07593076676130295,"w":-0.6074689030647278},"size":4.839195728302002,"orthographic":false}